customer_id,customer_name
0,Gipotenuza Ella
1,Sergey Mary
2,Gummy Madelyn
3,Traktor Maisie
4,Tatiana Aubrey
5,Irina Sofia
6,Ivan Lucy
7,Istina Lyla
8,Aleksandra Destiny
9,Ivan Angelina
10,Rosa Leia
11,Tatiana Payton
12,Gummy Hope
13,Sergey Sophia
14,Dazdraperma Daniela
15,Vyacheslav Parker
16,Uryuvkos Mackenzie
17,Vyacheslav Paisley
18,Bogdan Juniper
19,Miroslav Kayla
20,Andrey Amari
21,Alexey Layla
22,Natalia Evangeline
23,Tank Kimberly
24,Yaroslav Lia
25,Konstantin Adelynn
26,Ilya Lucille
27,Sashka Violet
28,Sofia Melissa
29,Artyom Valerie
30,Yaroslav Lyla
31,Miroslav Juniper
32,Sergey Selena
33,Ilya Eva
34,Kirill Blakely
35,Zima Paris
36,Danyl Kailani
37,Vladislav Haven
38,Sasha Cali
39,Yevgeny Eva
40,Svetlana Juniper
41,Danyl Giselle
42,Gummy Esther
43,Anastasia Melody
44,Anna Ayla
45,Arina Ryleigh
46,Vladimir Liliana
47,Boris Liliana
48,Lyubov Amy
49,Natalia Kinsley
50,Alexey Madelyn
51,Yevgeny Angelina
52,Ludmila Isabel
53,Irina Alexandria
54,Arina Alaina
55,Gummy Cora
56,Angelina Aspen
57,Bogdan Victoria
58,Gipotenuza Serenity
59,Dazdraperma Ariyah
60,Irina Briella
61,Vladimir Gemma
62,Oleg Briella
63,Svetlana Camilla
64,Denis Charlee
65,Aleksandr Ariyah
66,Gipotenuza Kailani
67,Ludmila Khloe
68,Vyacheslav Genesis
69,Konstantin Noelle
70,Dazdraperma Selena
71,Dmitry Isabel
72,Aleksandra Arya
73,Aleksandra Claire
74,Nikita Giselle
75,Aleksandra Haven
76,Rosa Serenity
77,Kirill Quinn
78,Tatiana Kendall
79,Dmitry Brynn
80,Victor Journey
81,Maksim Genesis
82,Ilya Bailey
83,Roman Riley
84,Roman Phoebe
85,Yaroslav Leah
86,Galina Violet
87,Ludmila Valentina
88,Elektrifikatsia Makenzie
89,Vera Adaline
90,Sasha Ashley
91,Yekaterina Evelynn
92,Irina Liliana
93,Tatiana Natalia
94,Mikhail Georgia
95,Kirill Leila
96,Marina Alana
97,Tank Margaret
98,Gummy Hazel
99,Vyacheslav Abigail
100,Artyom Kiara
101,Gummy Sophia
102,Vladislav Kate
103,Anastasia Melody
104,Vladimir Sofia
105,Gennady Lillian
106,Angelina Aubree
107,Sergey Gabrielle
108,Galina Melanie
109,Tatiana Ivy
110,Vera Faith
111,Vera Ada
112,Sashka Audrey
113,Miroslav Makenzie
114,Yelena Blakely
115,Irina Brooke
116,Svetlana Grace
117,Miroslav Hannah
118,Arina Londyn
119,Traktor Ximena
120,Sashka Peyton
121,Ludmila Hope
122,Mels Daniela
123,Sashulya Parker
124,Svetlana Ximena
125,Vladislav Lila
126,Miroslav Madison
127,Tatiana Mia
128,Bogdan Aubree
129,Sasha Ada
130,Galina Elsie
131,Istina Journee
132,Anastasia Piper
133,Oleg Emma
134,Victoria Ashley
135,Natalia Brianna
136,Irina Delaney
137,Galina Samantha
138,Sashka Emerson
139,Istina Riley
140,Tatiana Hannah
141,Boris Riley
142,Maria Myla
143,Nadezhda Camille
144,Yekaterina Sarah
145,Anastasia Brooklynn
146,Yaroslav Vivian
147,Vladimir Adelaide
148,Vladimir Joy
149,Roman Elise
150,Tank Michelle
151,Yevgeny Amiyah
152,Sofia Alessandra
153,Yaroslav Payton
154,Marina Ayla
155,Alexey Athena
156,Boris Adalynn
157,Alexey Amy
158,Elektrifikatsia Paris
159,Nikita Kamila
160,Boris Zoe
161,Aleksandr Kamila
162,Miroslav Zoe
163,Ludmila Melanie
164,Aleksandra Ashley
165,Elektrifikatsia Trinity
166,Vladimir Mary
167,Kirill Elliana
168,Dazdraperma Leila
169,Tatiana Josie
170,Yekaterina Isabella
171,Nikita Royalty
172,Traktor Ariana
173,Alexey Elena
174,Traktor Charlee
175,Uryuvkos Amara
176,Nikolai Amari
177,Zima Morgan
178,Zima Fatima
179,Alexey Nyla
180,Galina Iris
181,Maria Lucy
182,Irina Andrea
183,Sofia Emma
184,Gennady Kennedy
185,Alexey Quinn
186,Polina Lia
187,Irina Angelina
188,Aleksandr Genesis
189,Vladislav Allison
190,Tatiana Mila
191,Kirill Alexandria
192,Ninel Mya
193,Elektrifikatsia Penelope
194,Mikhail Brynlee
195,Sofia Kayla
196,Zima Kailani
197,Yevgeny Raelyn
198,Traktor Blakely
199,Yelizaveta Alessandra
200,Uryuvkos Aubree
201,Dazdraperma Adeline
202,Yelizaveta Ella
203,Sashenka Alyssa
204,Yelizaveta Gabrielle
205,Yevgeny Khloe
206,Dazdraperma Skylar
207,Oleg Aria
208,Vera Kaylee
209,Rosa Alexis
210,Andrey Reese
211,Artyom Rose
212,Ivan Makenzie
213,Sashka Georgia
214,Gennady Parker
215,Vladimir Parker
216,Andrey Evie
217,Angelina Georgia
218,Ludmila Annabelle
219,Ivan Elena
220,Alexey Arya
221,Alexey Aria
222,Traktor Briella
223,Yelena Summer
224,Boris Ana
225,Angelina Elena
226,Victoria Lucille
227,Sashka Jasmine
228,Sofia Ana
229,Dmitry Lena
230,Ludmila Paris
231,Rosa Brynlee
232,Yelena Violet
233,Gennady Nina
234,Boris Royalty
235,Tank Remi
236,Aleksandra Lucia
237,Yelizaveta Genevieve
238,Arina Emerson
239,Elektrifikatsia Julia
240,Adelina Rylie
241,Oleg Maisie
242,Sashenka Lilliana
243,Nikita Rosalie
244,Dmitry Alina
245,Nikolai Everleigh
246,Yelena Amiyah
247,Victor Millie
248,Polina Lila
249,Istina Malia
250,Vera Sadie
251,Yaroslav Elliana
252,Angelina Royalty
253,Gennady Lucy
254,Roman Daleyza
255,Mikhail Arianna
256,Rosa Gabriella
257,Ivan Chloe
258,Yevgeny Maeve
259,Vladislav Marley
260,Adelina Amina
261,Sashka Arabella
262,Lyubov Georgia
263,Yevgeny Gabriella
264,Dmitry Claire
265,Irina Raelynn
266,Sashenka Mariana
267,Svetlana Madison
268,Yevgeny Anna
269,Natalia Ariana
270,Svetlana Raelyn
271,Yekaterina Miriam
272,Boris Lila
273,Aleksandra Alayna
274,Daria Autumn
275,Vera Ruth
276,Alexey Margaret
277,Sergey Lena
278,Galina Logan
279,Roman Valeria
280,Polina Aurora
281,Nikolai Katherine
282,Danyl Ariel
283,Boris Jane
284,Yaroslav Cora
285,Uryuvkos Eliza
286,Victoria Serenity
287,Istina Hazel
288,Adelina Ada
289,Gennady Zuri
290,Svetlana Olive
291,Anastasia Maria
292,Adelina Freya
293,Maksim Maggie
294,Oleg Adelyn
295,Dmitry Sienna
296,Nikita Freya
297,Adelina Mariah
298,Tatiana Destiny
299,Gummy Adriana
